﻿<?xml version="1.0" encoding="utf-8"?>
<publishData>
  <publishProfile publishUrl="D:\Transfer\test" deleteExistingFiles="True" ftpAnonymousLogin="False" ftpPassiveMode="True" msdeploySite="" msdeploySiteID="" msdeployRemoteSitePhysicalPath="" msdeployAllowUntrustedCertificate="False" msdeploySkipExtraFilesOnServer="True" msdeployMarkAsApp="False" profileName="Profile1" publishMethod="FileSystem" replaceMatchingFiles="False" userName="" savePWD="False" userPWD="" SelectedForPublish="True">
    <file relUrl="Scripts/jquery.validate.unobtrusive.js" publishTime="02/13/2012 16:45:24" />
    <file relUrl="packages.config" publishTime="02/13/2012 16:54:52" />
    <file relUrl="Scripts/jquery-1.7.1.min.js" publishTime="02/13/2012 16:54:52" />
    <file relUrl="Views/Account/Register.cshtml" publishTime="02/13/2012 16:45:24" />
    <file relUrl="Content/themes/base/images/ui-bg_flat_75_ffffff_40x100.png" publishTime="02/13/2012 16:45:31" />
    <file relUrl="Content/themes/base/images/ui-bg_glass_55_fbf9ee_1x400.png" publishTime="02/13/2012 16:45:31" />
    <file relUrl="Scripts/MicrosoftAjax.js" publishTime="02/13/2012 16:45:24" />
    <file relUrl="Content/themes/base/jquery.ui.accordion.css" publishTime="02/13/2012 16:45:30" />
    <file relUrl="bin/WebMatrix.Data.dll" publishTime="01/05/2011 15:45:38" />
    <file relUrl="Views/Account/LogOn.cshtml" publishTime="02/13/2012 16:45:24" />
    <file relUrl="Scripts/MicrosoftMvcValidation.debug.js" publishTime="02/13/2012 16:45:24" />
    <file relUrl="Content/themes/base/jquery.ui.button.css" publishTime="02/13/2012 16:45:30" />
    <file relUrl="bin/System.Web.Mvc.dll" publishTime="01/05/2011 17:42:16" />
    <file relUrl="Web.config" publishTime="02/13/2012 17:08:43" />
    <file relUrl="bin/System.Web.WebPages.Deployment.xml" publishTime="12/20/2010 10:52:36" />
    <file relUrl="bin/WebMatrix.WebData.dll" publishTime="01/05/2011 15:45:38" />
    <file relUrl="Content/themes/base/images/ui-icons_cd0a0a_256x240.png" publishTime="02/13/2012 16:45:30" />
    <file relUrl="Scripts/MicrosoftMvcAjax.js" publishTime="02/13/2012 16:45:24" />
    <file relUrl="Content/themes/base/jquery.ui.resizable.css" publishTime="02/13/2012 16:45:29" />
    <file relUrl="Global.asax" publishTime="02/13/2012 16:45:24" />
    <file relUrl="Scripts/MicrosoftMvcValidation.js" publishTime="02/13/2012 16:45:24" />
    <file relUrl="Content/themes/base/images/ui-icons_2e83ff_256x240.png" publishTime="02/13/2012 16:45:30" />
    <file relUrl="Content/themes/base/images/ui-bg_glass_75_e6e6e6_1x400.png" publishTime="02/13/2012 16:45:30" />
    <file relUrl="bin/System.Web.Helpers.dll" publishTime="01/05/2011 15:45:38" />
    <file relUrl="Content/themes/base/jquery.ui.slider.css" publishTime="02/13/2012 16:45:29" />
    <file relUrl="bin/System.Web.WebPages.dll" publishTime="01/05/2011 15:45:38" />
    <file relUrl="Scripts/jquery.unobtrusive-ajax.min.js" publishTime="02/13/2012 16:45:24" />
    <file relUrl="Scripts/jquery-ui-1.8.11.min.js" publishTime="02/13/2012 16:45:29" />
    <file relUrl="bin/System.Web.Helpers.xml" publishTime="12/19/2010 23:59:38" />
    <file relUrl="Views/Shared/_LogOnPartial.cshtml" publishTime="02/13/2012 16:45:24" />
    <file relUrl="Content/themes/base/jquery.ui.dialog.css" publishTime="02/13/2012 16:45:30" />
    <file relUrl="bin/WebMatrix.Data.xml" publishTime="12/19/2010 23:59:38" />
    <file relUrl="bin/WebMatrix.WebData.xml" publishTime="12/19/2010 23:59:38" />
    <file relUrl="Content/themes/base/jquery.ui.core.css" publishTime="02/13/2012 16:45:30" />
    <file relUrl="Scripts/modernizr-1.7.min.js" publishTime="02/13/2012 16:45:32" />
    <file relUrl="Content/themes/base/images/ui-bg_glass_75_dadada_1x400.png" publishTime="02/13/2012 16:45:30" />
    <file relUrl="Content/themes/base/jquery.ui.base.css" publishTime="02/13/2012 16:45:30" />
    <file relUrl="Content/themes/base/jquery.ui.datepicker.css" publishTime="02/13/2012 16:45:30" />
    <file relUrl="Views/Home/Index.cshtml" publishTime="02/13/2012 16:45:24" />
    <file relUrl="Content/themes/base/jquery.ui.selectable.css" publishTime="02/13/2012 16:45:29" />
    <file relUrl="Content/themes/base/images/ui-icons_222222_256x240.png" publishTime="02/13/2012 16:45:30" />
    <file relUrl="Content/themes/base/jquery.ui.progressbar.css" publishTime="02/13/2012 16:45:29" />
    <file relUrl="Scripts/jquery-1.7.1.js" publishTime="02/13/2012 16:54:52" />
    <file relUrl="bin/System.Web.WebPages.Razor.dll" publishTime="01/05/2011 15:45:38" />
    <file relUrl="Content/themes/base/images/ui-icons_888888_256x240.png" publishTime="02/13/2012 16:45:30" />
    <file relUrl="bin/System.Web.WebPages.Administration.dll" publishTime="01/05/2011 15:45:38" />
    <file relUrl="Views/Home/About.cshtml" publishTime="02/13/2012 16:45:24" />
    <file relUrl="Views/Account/ChangePasswordSuccess.cshtml" publishTime="02/13/2012 16:45:24" />
    <file relUrl="Views/Shared/Error.cshtml" publishTime="02/13/2012 16:45:24" />
    <file relUrl="bin/UserManagementExample.dll" publishTime="02/13/2012 17:08:40" />
    <file relUrl="Content/themes/base/images/ui-icons_454545_256x240.png" publishTime="02/13/2012 16:45:30" />
    <file relUrl="bin/System.Web.WebPages.Razor.xml" publishTime="12/20/2010 10:52:36" />
    <file relUrl="Scripts/jquery.validate.min.js" publishTime="02/13/2012 16:45:28" />
    <file relUrl="Content/themes/base/images/ui-bg_glass_65_ffffff_1x400.png" publishTime="02/13/2012 16:45:30" />
    <file relUrl="bin/UserManagementExample.pdb" publishTime="02/13/2012 17:08:40" />
    <file relUrl="Content/themes/base/jquery.ui.theme.css" publishTime="02/13/2012 16:45:29" />
    <file relUrl="Views/Account/ChangePassword.cshtml" publishTime="02/13/2012 16:45:24" />
    <file relUrl="Scripts/jquery.validate-vsdoc.js" publishTime="02/13/2012 16:45:28" />
    <file relUrl="bin/System.Web.Razor.dll" publishTime="01/05/2011 15:45:38" />
    <file relUrl="Views/Shared/_Layout.cshtml" publishTime="02/13/2012 16:45:24" />
    <file relUrl="Views/Web.config" publishTime="02/13/2012 16:45:24" />
    <file relUrl="Content/Site.css" publishTime="02/13/2012 16:45:24" />
    <file relUrl="Scripts/jquery-ui-1.8.11.js" publishTime="02/13/2012 16:45:29" />
    <file relUrl="Scripts/jquery-1.7.1-vsdoc.js" publishTime="02/13/2012 16:54:52" />
    <file relUrl="Views/_ViewStart.cshtml" publishTime="02/13/2012 16:45:24" />
    <file relUrl="Scripts/modernizr-1.7.js" publishTime="02/13/2012 16:45:32" />
    <file relUrl="Scripts/jquery.unobtrusive-ajax.js" publishTime="02/13/2012 16:45:24" />
    <file relUrl="Content/themes/base/jquery.ui.all.css" publishTime="02/13/2012 16:45:30" />
    <file relUrl="Scripts/MicrosoftAjax.debug.js" publishTime="02/13/2012 16:45:24" />
    <file relUrl="bin/System.Web.WebPages.xml" publishTime="12/19/2010 23:59:38" />
    <file relUrl="bin/System.Web.Razor.xml" publishTime="12/20/2010 10:52:36" />
    <file relUrl="Scripts/MicrosoftMvcAjax.debug.js" publishTime="02/13/2012 16:45:24" />
    <file relUrl="Content/themes/base/images/ui-bg_glass_95_fef1ec_1x400.png" publishTime="02/13/2012 16:45:30" />
    <file relUrl="bin/System.Web.WebPages.Deployment.dll" publishTime="01/05/2011 15:45:38" />
    <file relUrl="Scripts/jquery.validate.js" publishTime="02/13/2012 16:45:28" />
    <file relUrl="bin/NuGet.Core.dll" publishTime="12/20/2010 13:37:28" />
    <file relUrl="Content/themes/base/images/ui-bg_flat_0_aaaaaa_40x100.png" publishTime="02/13/2012 16:45:31" />
    <file relUrl="Scripts/jquery.validate.unobtrusive.min.js" publishTime="02/13/2012 16:45:24" />
    <file relUrl="Content/themes/base/jquery.ui.tabs.css" publishTime="02/13/2012 16:45:29" />
    <file relUrl="Content/themes/base/images/ui-bg_highlight-soft_75_cccccc_1x100.png" publishTime="02/13/2012 16:45:30" />
    <file relUrl="Content/themes/base/jquery.ui.autocomplete.css" publishTime="02/13/2012 16:45:30" />
  </publishProfile>
</publishData>