﻿<?xml version="1.0" encoding="utf-8"?>
<doc>
  <assembly>
    <name>System.Web.WebPages</name>
  </assembly>
  <members>
    <member name="T:System.Web.Helpers.AntiForgery">
      <summary>Helps prevent malicious scripts from submitting forged page requests.</summary>
    </member>
    <member name="M:System.Web.Helpers.AntiForgery.GetHtml">
      <summary>Adds an authenticating token to a form to help protect against request forgery.</summary>
      <returns>Returns a string that contains the encrypted token value in a hidden HTML field.</returns>
      <exception cref="T:System.ArgumentException">The current <see cref="T:System.Web.HttpContext" /> object is null.</exception>
    </member>
    <member name="M:System.Web.Helpers.AntiForgery.GetHtml(System.Web.HttpContextBase,System.String,System.String,System.String)">
      <summary>Adds an authenticating token to a form to help protect against request forgery, allowing callers to specify added authentication details.</summary>
      <returns>Returns the encrypted token value in a hidden HTML field.</returns>
      <param name="httpContext">The HTTP context data for a request.</param>
      <param name="salt">An optional random string of characters (such as Z*7g1&amp;p4) that is used to add complexity to the encryption for extra safety. The default is a null string.</param>
      <param name="domain">The domain of a Web application that a request is submitted from.</param>
      <param name="path">The virtual root path of a Web application that a request is submitted from.</param>
      <exception cref="T:System.ArgumentNullException">The supplied <see cref="T:System.Web.HttpContextBase" /> object is null.</exception>
    </member>
    <member name="M:System.Web.Helpers.AntiForgery.Validate">
      <summary>Validates that input data from an HTML form field comes from the user who submitted the data.</summary>
      <exception cref="T:System.ArgumentException">The current <see cref="T:System.Web.HttpContext" /> value is null.</exception>
      <exception cref="T:System.Web.Helpers.HttpAntiForgeryException">The HTTP cookie token that accompanies a valid request is missing-or-The form token is missing.-or-The form token value does not match the cookie token value.-or-The form token value does not match the cookie token value.</exception>
    </member>
    <member name="M:System.Web.Helpers.AntiForgery.Validate(System.Web.HttpContextBase,System.String)">
      <summary>Validates that input data from an HTML form field comes from the user who submitted the data, allowing callers to specify additional custom details for the validation.</summary>
      <param name="salt">An optional random string of characters (such as Z*7g1&amp;p4) used to decrypt an authentication token created by the <see cref="T:System.Web.Helpers.AntiForgery" /> class. The default is a null string.</param>
      <exception cref="T:System.ArgumentException">The current <see cref="T:System.Web.HttpContext" /> value is null.</exception>
      <exception cref="T:System.Web.Helpers.HttpAntiForgeryException">The HTTP cookie token that accompanies a valid request is missing-or-The form token is missing.-or-The form token value does not match the cookie token value.-or-The form token value does not match the cookie token value.-or-The <paramref name="salt" /> value supplied does not match the <paramref name="salt" /> value used to create the form token.</exception>
    </member>
    <member name="T:System.Web.Helpers.UnvalidatedRequestValues">
      <summary>Provides access to unvalidated values in the <see cref="T:System.Web.HttpRequest" /> object.</summary>
    </member>
    <member name="P:System.Web.Helpers.UnvalidatedRequestValues.Form">
      <summary>Gets a collection of unvalidated Web form values.</summary>
      <returns>An unvalidated collection of Web form values.</returns>
    </member>
    <member name="P:System.Web.Helpers.UnvalidatedRequestValues.Item(System.String)">
      <summary>Gets an unvalidated object from a collection in the <see cref="T:System.Web.HttpRequest" /> object.</summary>
      <returns>A member of a collection contained in the <see cref="T:System.Web.HttpRequest" /> object.</returns>
      <param name="key">The name of the collection member to get.</param>
    </member>
    <member name="P:System.Web.Helpers.UnvalidatedRequestValues.QueryString">
      <summary>Gets a collection of unvalidated query-string values.</summary>
      <returns>A collection of unvalidated query-string values.</returns>
    </member>
    <member name="T:System.Web.Helpers.Validation">
      <summary>Excludes fields of the Request object from being checked for potentially unsafe HTML markup.</summary>
    </member>
    <member name="M:System.Web.Helpers.Validation.Unvalidated(System.Web.HttpRequest)">
      <summary>Returns an unvalidated version of form values or query-string values.</summary>
      <returns>An <see cref="System.Web.Helpers.UnvalidatedRequestValues" /> object that contains unvalidated versions of the form and query string values.</returns>
      <param name="request">The <see cref="T:System.Web.HttpRequest" /> object that contains values to exclude.</param>
    </member>
    <member name="M:System.Web.Helpers.Validation.Unvalidated(System.Web.HttpRequest,System.String)">
      <summary>Returns an unvalidated value from the form or query string based on the field that has been requested.</summary>
      <returns>A string that contains unvalidated text from the specified field  or query-string value.</returns>
      <param name="request">The <see cref="T:System.Web.HttpRequest" /> object that contains values to exclude from validation s</param>
      <param name="key">The name of the field to exclude from validation.</param>
    </member>
    <member name="M:System.Web.Helpers.Validation.Unvalidated(System.Web.HttpRequestBase)">
      <summary>Returns an unvalidated version of form values or query-string values.</summary>
      <returns>An <see cref="System.Web.Helpers.UnvalidatedRequestValues" /> object that contains unvalidated versions of the form and query-string values.</returns>
      <param name="request">The <see cref="T:System.Web.HttpRequest" /> object that contains values to exclude from validation.</param>
    </member>
    <member name="M:System.Web.Helpers.Validation.Unvalidated(System.Web.HttpRequestBase,System.String)">
      <summary>Returns an unvalidated value from the form or query string based on the field that has been requested.</summary>
      <returns>A string that contains unvalidated text from the specified field or query-string value.</returns>
      <param name="request">The <see cref="T:System.Web.HttpRequestBase" /> object that contains values to exclude from validation.</param>
      <param name="key">The name of the field to exclude from validation.</param>
    </member>
    <member name="T:System.Web.Mvc.HttpAntiForgeryException">
      <summary>This class and its members support the .NET Framework infrastructure and are not intended to be used directly from your code.</summary>
    </member>
    <member name="M:System.Web.Mvc.HttpAntiForgeryException.#ctor">
      <summary>This member supports the .NET Framework infrastructure and is not intended to be used directly from your code.</summary>
    </member>
    <member name="M:System.Web.Mvc.HttpAntiForgeryException.#ctor(System.String)">
      <summary>This member supports the .NET Framework infrastructure and is not intended to be used directly from your code.</summary>
      <param name="message">Details about the exception.</param>
    </member>
    <member name="M:System.Web.Mvc.HttpAntiForgeryException.#ctor(System.String,System.Exception)">
      <summary>This member supports the .NET Framework infrastructure and is not intended to be used directly from your code.</summary>
      <param name="message">Details about the exception.</param>
      <param name="innerException">An exception that occurred before the current exception.</param>
    </member>
    <member name="T:System.Web.Mvc.TagBuilder"></member>
    <member name="M:System.Web.Mvc.TagBuilder.#ctor(System.String)"></member>
    <member name="M:System.Web.Mvc.TagBuilder.AddCssClass(System.String)"></member>
    <member name="P:System.Web.Mvc.TagBuilder.Attributes"></member>
    <member name="M:System.Web.Mvc.TagBuilder.CreateSanitizedId(System.String)"></member>
    <member name="M:System.Web.Mvc.TagBuilder.CreateSanitizedId(System.String,System.String)"></member>
    <member name="M:System.Web.Mvc.TagBuilder.GenerateId(System.String)"></member>
    <member name="P:System.Web.Mvc.TagBuilder.IdAttributeDotReplacement"></member>
    <member name="P:System.Web.Mvc.TagBuilder.InnerHtml"></member>
    <member name="M:System.Web.Mvc.TagBuilder.MergeAttribute(System.String,System.String)"></member>
    <member name="M:System.Web.Mvc.TagBuilder.MergeAttribute(System.String,System.String,System.Boolean)"></member>
    <member name="M:System.Web.Mvc.TagBuilder.MergeAttributes``2(System.Collections.Generic.IDictionary{``0,``1})">
      <typeparam name="TKey"></typeparam>
      <typeparam name="TValue"></typeparam>
    </member>
    <member name="M:System.Web.Mvc.TagBuilder.MergeAttributes``2(System.Collections.Generic.IDictionary{``0,``1},System.Boolean)">
      <typeparam name="TKey"></typeparam>
      <typeparam name="TValue"></typeparam>
    </member>
    <member name="M:System.Web.Mvc.TagBuilder.SetInnerText(System.String)"></member>
    <member name="P:System.Web.Mvc.TagBuilder.TagName"></member>
    <member name="M:System.Web.Mvc.TagBuilder.ToString"></member>
    <member name="M:System.Web.Mvc.TagBuilder.ToString(System.Web.Mvc.TagRenderMode)"></member>
    <member name="T:System.Web.Mvc.TagRenderMode">
      <summary>Enumerates the modes that are available for rendering HTML tags.</summary>
    </member>
    <member name="F:System.Web.Mvc.TagRenderMode.Normal">
      <summary>Represents normal mode.</summary>
    </member>
    <member name="F:System.Web.Mvc.TagRenderMode.StartTag">
      <summary>Represents the start-tag mode.</summary>
    </member>
    <member name="F:System.Web.Mvc.TagRenderMode.EndTag">
      <summary>Represents end-tag mode.</summary>
    </member>
    <member name="F:System.Web.Mvc.TagRenderMode.SelfClosing">
      <summary>Represents self-closing-tag mode.</summary>
    </member>
    <member name="T:System.Web.WebPages.ApplicationPart"></member>
    <member name="M:System.Web.WebPages.ApplicationPart.#ctor(System.Reflection.Assembly,System.String)"></member>
    <member name="M:System.Web.WebPages.ApplicationPart.ProcessVirtualPath(System.Reflection.Assembly,System.String,System.String)"></member>
    <member name="M:System.Web.WebPages.ApplicationPart.Register(System.Web.WebPages.ApplicationPart)"></member>
    <member name="T:System.Web.WebPages.ApplicationStartPage"></member>
    <member name="M:System.Web.WebPages.ApplicationStartPage.#ctor"></member>
    <member name="P:System.Web.WebPages.ApplicationStartPage.Application"></member>
    <member name="F:System.Web.WebPages.ApplicationStartPage.CacheKeyPrefix"></member>
    <member name="P:System.Web.WebPages.ApplicationStartPage.Context"></member>
    <member name="P:System.Web.WebPages.ApplicationStartPage.Markup"></member>
    <member name="P:System.Web.WebPages.ApplicationStartPage.Output"></member>
    <member name="F:System.Web.WebPages.ApplicationStartPage.StartPageVirtualPath"></member>
    <member name="P:System.Web.WebPages.ApplicationStartPage.VirtualPath"></member>
    <member name="M:System.Web.WebPages.ApplicationStartPage.Write(System.Object)"></member>
    <member name="M:System.Web.WebPages.ApplicationStartPage.Write(System.Web.WebPages.HelperResult)"></member>
    <member name="M:System.Web.WebPages.ApplicationStartPage.WriteLiteral(System.Object)"></member>
    <member name="T:System.Web.WebPages.HelperPage"></member>
    <member name="M:System.Web.WebPages.HelperPage.#ctor"></member>
    <member name="P:System.Web.WebPages.HelperPage.App"></member>
    <member name="P:System.Web.WebPages.HelperPage.AppState"></member>
    <member name="P:System.Web.WebPages.HelperPage.Cache"></member>
    <member name="P:System.Web.WebPages.HelperPage.Context"></member>
    <member name="P:System.Web.WebPages.HelperPage.CurrentPage"></member>
    <member name="M:System.Web.WebPages.HelperPage.Href(System.String,System.Object[])"></member>
    <member name="P:System.Web.WebPages.HelperPage.Html"></member>
    <member name="P:System.Web.WebPages.HelperPage.IsAjax"></member>
    <member name="P:System.Web.WebPages.HelperPage.IsPost"></member>
    <member name="P:System.Web.WebPages.HelperPage.Model"></member>
    <member name="P:System.Web.WebPages.HelperPage.ModelState"></member>
    <member name="P:System.Web.WebPages.HelperPage.Page"></member>
    <member name="P:System.Web.WebPages.HelperPage.PageContext"></member>
    <member name="P:System.Web.WebPages.HelperPage.PageData"></member>
    <member name="P:System.Web.WebPages.HelperPage.Request"></member>
    <member name="P:System.Web.WebPages.HelperPage.Response"></member>
    <member name="P:System.Web.WebPages.HelperPage.Server"></member>
    <member name="P:System.Web.WebPages.HelperPage.Session"></member>
    <member name="P:System.Web.WebPages.HelperPage.UrlData"></member>
    <member name="P:System.Web.WebPages.HelperPage.User"></member>
    <member name="P:System.Web.WebPages.HelperPage.VirtualPath"></member>
    <member name="M:System.Web.WebPages.HelperPage.WriteLiteralTo(System.IO.TextWriter,System.Object)"></member>
    <member name="M:System.Web.WebPages.HelperPage.WriteLiteralTo(System.IO.TextWriter,System.Web.WebPages.HelperResult)"></member>
    <member name="M:System.Web.WebPages.HelperPage.WriteTo(System.IO.TextWriter,System.Object)"></member>
    <member name="M:System.Web.WebPages.HelperPage.WriteTo(System.IO.TextWriter,System.Web.WebPages.HelperResult)"></member>
    <member name="T:System.Web.WebPages.HelperResult"></member>
    <member name="M:System.Web.WebPages.HelperResult.#ctor(System.Action{System.IO.TextWriter})"></member>
    <member name="M:System.Web.WebPages.HelperResult.ToHtmlString"></member>
    <member name="M:System.Web.WebPages.HelperResult.ToString"></member>
    <member name="M:System.Web.WebPages.HelperResult.WriteTo(System.IO.TextWriter)"></member>
    <member name="T:System.Web.WebPages.HttpContextExtensions"></member>
    <member name="M:System.Web.WebPages.HttpContextExtensions.RedirectLocal(System.Web.HttpContextBase,System.String)">
      <summary>Redirects to the root of the Web site if the host is not local.</summary>
      <param name="context">The HTTP context of the HTTP request.</param>
      <param name="url">A locally hosted URL.</param>
    </member>
    <member name="M:System.Web.WebPages.HttpContextExtensions.RegisterForDispose(System.Web.HttpContextBase,System.IDisposable)"></member>
    <member name="T:System.Web.WebPages.ITemplateFile"></member>
    <member name="P:System.Web.WebPages.ITemplateFile.TemplateInfo"></member>
    <member name="T:System.Web.WebPages.IVirtualPathFactory"></member>
    <member name="M:System.Web.WebPages.IVirtualPathFactory.CreateInstance(System.String)"></member>
    <member name="M:System.Web.WebPages.IVirtualPathFactory.Exists(System.String)"></member>
    <member name="T:System.Web.WebPages.IWebPageRequestExecutor"></member>
    <member name="M:System.Web.WebPages.IWebPageRequestExecutor.Execute(System.Web.WebPages.WebPage)"></member>
    <member name="T:System.Web.WebPages.PageVirtualPathAttribute"></member>
    <member name="M:System.Web.WebPages.PageVirtualPathAttribute.#ctor(System.String)"></member>
    <member name="P:System.Web.WebPages.PageVirtualPathAttribute.VirtualPath"></member>
    <member name="T:System.Web.WebPages.PreApplicationStartCode"></member>
    <member name="M:System.Web.WebPages.PreApplicationStartCode.Start"></member>
    <member name="T:System.Web.WebPages.RequestExtensions"></member>
    <member name="M:System.Web.WebPages.RequestExtensions.IsUrlLocalToHost(System.Web.HttpRequestBase,System.String)"></member>
    <member name="T:System.Web.WebPages.ResponseExtensions"></member>
    <member name="M:System.Web.WebPages.ResponseExtensions.OutputCache(System.Web.HttpResponseBase,System.Int32,System.Boolean,System.Collections.Generic.IEnumerable{System.String},System.Collections.Generic.IEnumerable{System.String},System.Collections.Generic.IEnumerable{System.String},System.Web.HttpCacheability)"></member>
    <member name="M:System.Web.WebPages.ResponseExtensions.SetStatus(System.Web.HttpResponseBase,System.Int32)"></member>
    <member name="M:System.Web.WebPages.ResponseExtensions.SetStatus(System.Web.HttpResponseBase,System.Net.HttpStatusCode)"></member>
    <member name="M:System.Web.WebPages.ResponseExtensions.WriteBinary(System.Web.HttpResponseBase,System.Byte[])"></member>
    <member name="M:System.Web.WebPages.ResponseExtensions.WriteBinary(System.Web.HttpResponseBase,System.Byte[],System.String)"></member>
    <member name="T:System.Web.WebPages.SectionWriter"></member>
    <member name="T:System.Web.WebPages.StartPage"></member>
    <member name="M:System.Web.WebPages.StartPage.#ctor"></member>
    <member name="P:System.Web.WebPages.StartPage.ChildPage"></member>
    <member name="P:System.Web.WebPages.StartPage.Context"></member>
    <member name="M:System.Web.WebPages.StartPage.ExecutePageHierarchy"></member>
    <member name="M:System.Web.WebPages.StartPage.GetStartPage(System.Web.WebPages.WebPageRenderingBase,System.String,System.Collections.Generic.IEnumerable{System.String})"></member>
    <member name="P:System.Web.WebPages.StartPage.Layout"></member>
    <member name="P:System.Web.WebPages.StartPage.Page"></member>
    <member name="P:System.Web.WebPages.StartPage.PageData"></member>
    <member name="M:System.Web.WebPages.StartPage.RenderPage(System.String,System.Object[])"></member>
    <member name="M:System.Web.WebPages.StartPage.RunPage"></member>
    <member name="M:System.Web.WebPages.StartPage.Write(System.Object)"></member>
    <member name="M:System.Web.WebPages.StartPage.Write(System.Web.WebPages.HelperResult)"></member>
    <member name="M:System.Web.WebPages.StartPage.WriteLiteral(System.Object)"></member>
    <member name="T:System.Web.WebPages.StringExtensions">
      <summary>Provides utility methods for converting string values to other data types.</summary>
    </member>
    <member name="M:System.Web.WebPages.StringExtensions.As``1(System.String)">
      <summary>Converts a string to a strongly typed value of the specified data type.</summary>
      <returns>The converted value.</returns>
      <param name="value">The value to convert.</param>
      <typeparam name="TValue">The data type to convert to.</typeparam>
    </member>
    <member name="M:System.Web.WebPages.StringExtensions.As``1(System.String,``0)">
      <summary>Converts a string to the specified data type and specifies a default value.</summary>
      <returns>The converted value.</returns>
      <param name="value">The value to convert.</param>
      <param name="defaultValue">The value to return if <paramref name="value" /> is null.</param>
      <typeparam name="TValue">The data type to convert to.</typeparam>
    </member>
    <member name="M:System.Web.WebPages.StringExtensions.AsBool(System.String)">
      <summary>Converts a string to a Boolean (true/false) value.</summary>
      <returns>The converted value.</returns>
      <param name="value">The value to convert.</param>
    </member>
    <member name="M:System.Web.WebPages.StringExtensions.AsBool(System.String,System.Boolean)">
      <summary>Converts a string to a Boolean (true/false) value and specifies a default value.</summary>
      <returns>The converted value.</returns>
      <param name="value">The value to convert.</param>
      <param name="defaultValue">The value to return if <paramref name="value" /> is null or an invalid value. The default is false.</param>
    </member>
    <member name="M:System.Web.WebPages.StringExtensions.AsDateTime(System.String)">
      <summary>Converts a string to a <see cref="T:System.DateTime" /> value.</summary>
      <returns>The converted value.</returns>
      <param name="value">The value to convert.</param>
    </member>
    <member name="M:System.Web.WebPages.StringExtensions.AsDateTime(System.String,System.DateTime)">
      <summary>Converts a string to a <see cref="T:System.DateTime" /> value and specifies a default value.</summary>
      <returns>The converted value.</returns>
      <param name="value">The value to convert.</param>
      <param name="defaultValue">The value to return if <paramref name="value" /> is null or an invalid value. The default is the minimum time value on the system.</param>
    </member>
    <member name="M:System.Web.WebPages.StringExtensions.AsDecimal(System.String)">
      <summary>Converts a string to a <see cref="T:System.Decimal" /> number.</summary>
      <returns>The converted value.</returns>
      <param name="value">The value to convert.</param>
    </member>
    <member name="M:System.Web.WebPages.StringExtensions.AsDecimal(System.String,System.Decimal)">
      <summary>Converts a string to a <see cref="T:System.Decimal" /> number and specifies a default value.</summary>
      <returns>The converted value.</returns>
      <param name="value">The value to convert.</param>
      <param name="defaultValue">The value to return if <paramref name="value" /> is null or invalid.</param>
    </member>
    <member name="M:System.Web.WebPages.StringExtensions.AsFloat(System.String)">
      <summary>Converts a string to a <see cref="T:System.Single" /> number.</summary>
      <returns>The converted value.</returns>
      <param name="value">The value to convert.</param>
    </member>
    <member name="M:System.Web.WebPages.StringExtensions.AsFloat(System.String,System.Single)">
      <summary>Converts a string to a <see cref="T:System.Single" /> number and specifies a default value.</summary>
      <returns>The converted value.</returns>
      <param name="value">The value to convert.</param>
      <param name="defaultValue">The value to return if <paramref name="value" /> is null.</param>
    </member>
    <member name="M:System.Web.WebPages.StringExtensions.AsInt(System.String)">
      <summary>Converts a string to an integer.</summary>
      <returns>The converted value.</returns>
      <param name="value">The value to convert.</param>
    </member>
    <member name="M:System.Web.WebPages.StringExtensions.AsInt(System.String,System.Int32)">
      <summary>Converts a string to an integer and specifies a default value.</summary>
      <returns>The converted value.</returns>
      <param name="value">The value to convert.</param>
      <param name="defaultValue">The value to return if <paramref name="value" /> is null or is an invalid value.</param>
    </member>
    <member name="M:System.Web.WebPages.StringExtensions.Is``1(System.String)">
      <summary>Checks whether a string can be converted to the specified data type.</summary>
      <returns>
        <paramref name="true" /> if <paramref name="value" /> can be converted to the specified type; otherwise, <paramref name="false" />.</returns>
      <param name="value">The value to test.</param>
      <typeparam name="TValue">The data type to convert to.</typeparam>
    </member>
    <member name="M:System.Web.WebPages.StringExtensions.IsBool(System.String)">
      <summary>Checks whether a string can be converted to the Boolean (true/false) type.</summary>
      <returns>
        <paramref name="true" /> if <paramref name="value" /> can be converted to the specified type; otherwise, <paramref name="false" />.</returns>
      <param name="value">The string value to test.</param>
    </member>
    <member name="M:System.Web.WebPages.StringExtensions.IsDateTime(System.String)">
      <summary>Checks whether a string can be converted to the <see cref="T:System.DateTime" /> type.</summary>
      <returns>
        <paramref name="true" /> if <paramref name="value" /> can be converted to the specified type; otherwise, <paramref name="false" />.</returns>
      <param name="value">The string value to test.</param>
    </member>
    <member name="M:System.Web.WebPages.StringExtensions.IsDecimal(System.String)">
      <summary>Checks whether a string can be converted to the <see cref="T:System.Decimal" /> type.</summary>
      <returns>
        <paramref name="true" /> if <paramref name="value" /> can be converted to the specified type; otherwise, <paramref name="false" />.</returns>
      <param name="value">The string value to test.</param>
    </member>
    <member name="M:System.Web.WebPages.StringExtensions.IsEmpty(System.String)">
      <summary>Checks whether a string value is null or empty.</summary>
      <returns>true if <paramref name="value" /> is null or is a zero-length string (""); otherwise, false.</returns>
      <param name="value">The string value to test.</param>
    </member>
    <member name="M:System.Web.WebPages.StringExtensions.IsFloat(System.String)">
      <summary>Checks whether a string can be converted to the <see cref="T:System.Single" /> type.</summary>
      <returns>true if <paramref name="value" /> can be converted to the specified type; otherwise,  false.</returns>
      <param name="value">The string value to test.</param>
    </member>
    <member name="M:System.Web.WebPages.StringExtensions.IsInt(System.String)">
      <summary>Checks whether a string can be converted to an integer.</summary>
      <returns>
        <paramref name="true" /> if <paramref name="value" /> can be converted to the specified type; otherwise, <paramref name="false" />.</returns>
      <param name="value">The string value to test.</param>
    </member>
    <member name="T:System.Web.WebPages.TemplateFileInfo"></member>
    <member name="M:System.Web.WebPages.TemplateFileInfo.#ctor(System.String)"></member>
    <member name="P:System.Web.WebPages.TemplateFileInfo.VirtualPath"></member>
    <member name="T:System.Web.WebPages.TemplateStack"></member>
    <member name="M:System.Web.WebPages.TemplateStack.GetCurrentTemplate(System.Web.HttpContextBase)"></member>
    <member name="M:System.Web.WebPages.TemplateStack.Pop(System.Web.HttpContextBase)"></member>
    <member name="M:System.Web.WebPages.TemplateStack.Push(System.Web.HttpContextBase,System.Web.WebPages.ITemplateFile)"></member>
    <member name="T:System.Web.WebPages.VirtualPathFactoryManager"></member>
    <member name="M:System.Web.WebPages.VirtualPathFactoryManager.RegisterVirtualPathFactory(System.Web.WebPages.IVirtualPathFactory)"></member>
    <member name="T:System.Web.WebPages.WebPage">
      <summary>Represents an ASP.NET Razor page.</summary>
    </member>
    <member name="M:System.Web.WebPages.WebPage.#ctor">
      <summary>Called from a derived class to create a new instance that is based on the <see cref="T:System.Web.WebPages.WebPage" /> class.</summary>
    </member>
    <member name="P:System.Web.WebPages.WebPage.Context">
      <summary>Gets or sets the <see cref="T:System.Web.HttpContextBase" /> object that is associated with a page.</summary>
      <returns>An object that references HTTP data about the current context of a page.</returns>
    </member>
    <member name="M:System.Web.WebPages.WebPage.ExecutePageHierarchy">
      <summary>Executes the code in a set of dependent Web pages.</summary>
    </member>
    <member name="P:System.Web.WebPages.WebPage.Html">
      <summary>Gets the <see cref="T:System.Web.WebPages.Html.HtmlHelper" /> object that is associated with a page.</summary>
      <returns>An object that supports rendering HTML form controls in a page.</returns>
    </member>
    <member name="M:System.Web.WebPages.WebPage.InitializePage">
      <summary>Initializes an object that inherits from the <see cref="T:System.Web.WebPages.WebPage" /> class.</summary>
    </member>
    <member name="P:System.Web.WebPages.WebPage.Model">
      <summary>Gets the model that is associated with a page.</summary>
      <returns>An object that represents a model that is associated with the view data for a page.</returns>
    </member>
    <member name="P:System.Web.WebPages.WebPage.ModelState">
      <summary>Gets the state data for the model that is associated with a page.</summary>
      <returns>The state of the model.</returns>
    </member>
    <member name="M:System.Web.WebPages.WebPage.RegisterPageExecutor(System.Web.WebPages.IWebPageRequestExecutor)">
      <summary>Adds a class to a list of classes that handle page execution and that implement custom features for pages.</summary>
      <param name="executor">The class to add.</param>
    </member>
    <member name="T:System.Web.WebPages.WebPageBase"></member>
    <member name="M:System.Web.WebPages.WebPageBase.#ctor"></member>
    <member name="M:System.Web.WebPages.WebPageBase.ConfigurePage(System.Web.WebPages.WebPageBase)"></member>
    <member name="M:System.Web.WebPages.WebPageBase.CreateInstanceFromVirtualPath(System.String)"></member>
    <member name="M:System.Web.WebPages.WebPageBase.DefineSection(System.String,System.Web.WebPages.SectionWriter)">
      <summary>Called by content pages to create named content sections.</summary>
      <param name="name">The name of the section to create.</param>
      <param name="action">The type of action to take with the new section.</param>
    </member>
    <member name="M:System.Web.WebPages.WebPageBase.ExecutePageHierarchy"></member>
    <member name="M:System.Web.WebPages.WebPageBase.ExecutePageHierarchy(System.Web.WebPages.WebPageContext,System.IO.TextWriter)"></member>
    <member name="M:System.Web.WebPages.WebPageBase.ExecutePageHierarchy(System.Web.WebPages.WebPageContext,System.IO.TextWriter,System.Web.WebPages.WebPageRenderingBase)"></member>
    <member name="M:System.Web.WebPages.WebPageBase.InitializePage"></member>
    <member name="M:System.Web.WebPages.WebPageBase.IsSectionDefined(System.String)"></member>
    <member name="P:System.Web.WebPages.WebPageBase.Layout">
      <summary>Gets or sets the path of a layout page.</summary>
      <returns>The path of the layout page.</returns>
    </member>
    <member name="P:System.Web.WebPages.WebPageBase.Output"></member>
    <member name="P:System.Web.WebPages.WebPageBase.OutputStack"></member>
    <member name="P:System.Web.WebPages.WebPageBase.Page">
      <summary>Provides property-like access to page data that is shared between pages, layout pages, and partial pages.</summary>
      <returns>An object that contains page data.</returns>
    </member>
    <member name="P:System.Web.WebPages.WebPageBase.PageData">
      <summary>Provides array-like access to page data that is shared between pages, layout pages, and partial pages.</summary>
      <returns>A dictionary that contains page data.</returns>
    </member>
    <member name="M:System.Web.WebPages.WebPageBase.PopContext"></member>
    <member name="M:System.Web.WebPages.WebPageBase.PushContext(System.Web.WebPages.WebPageContext,System.IO.TextWriter)"></member>
    <member name="M:System.Web.WebPages.WebPageBase.RenderBody">
      <summary>In layout pages, renders the portion of a content page that is not within a named section.</summary>
      <returns>The HTML content to render.</returns>
    </member>
    <member name="M:System.Web.WebPages.WebPageBase.RenderPage(System.String,System.Object[])">
      <summary>Renders the content of one page within another page.</summary>
      <returns>The HTML content to render.</returns>
      <param name="path">The path of the page to render.</param>
      <param name="data">(Optional) An array of data to pass to the page being rendered. In the rendered page, these parameters can be accessed by using the <see cref="P:System.Web.WebPages.WebPageBase.PageData" /> property.</param>
    </member>
    <member name="M:System.Web.WebPages.WebPageBase.RenderSection(System.String)">
      <summary>In layout pages, renders the content of a named section.</summary>
      <returns>The HTML content to render.</returns>
      <param name="name">The section to render.</param>
    </member>
    <member name="M:System.Web.WebPages.WebPageBase.RenderSection(System.String,System.Boolean)">
      <summary>In layout pages, renders the content of a named section and specifies whether the section is required.</summary>
      <returns>The HTML content to render.</returns>
      <param name="name">The section to render.</param>
      <param name="required">true to specify that the section is required; otherwise, false. The default is false.</param>
    </member>
    <member name="M:System.Web.WebPages.WebPageBase.Write(System.Object)"></member>
    <member name="M:System.Web.WebPages.WebPageBase.Write(System.Web.WebPages.HelperResult)"></member>
    <member name="M:System.Web.WebPages.WebPageBase.WriteLiteral(System.Object)"></member>
    <member name="T:System.Web.WebPages.WebPageContext">
      <summary>Contains data that is used by a <see cref="T:System.Web.WebPages.WebPage" /> object to reference details about the Web application, the current HTTP request context, the current execution context, and page data.</summary>
    </member>
    <member name="M:System.Web.WebPages.WebPageContext.#ctor"></member>
    <member name="M:System.Web.WebPages.WebPageContext.#ctor(System.Web.HttpContextBase,System.Web.WebPages.WebPageRenderingBase,System.Object)"></member>
    <member name="P:System.Web.WebPages.WebPageContext.Current">
      <summary>Gets a reference to the current <see cref="T:System.Web.WebPages.WebPageContext" /> object that is associated with a page.</summary>
      <returns>The current page context object.</returns>
    </member>
    <member name="P:System.Web.WebPages.WebPageContext.Model"></member>
    <member name="P:System.Web.WebPages.WebPageContext.Page">
      <summary>Gets the <see cref="T:System.Web.WebPages.WebPageRenderingBase" /> object that is associated with a page.</summary>
      <returns>The page rendering object.</returns>
    </member>
    <member name="P:System.Web.WebPages.WebPageContext.PageData">
      <summary>Gets the page data that is shared between pages, layout pages, and partial pages.</summary>
      <returns>A dictionary that contains page data.</returns>
    </member>
    <member name="T:System.Web.WebPages.WebPageExecutingBase">
      <summary>Provides objects and methods that are used to execute and render all ASP.NET Razor pages.</summary>
    </member>
    <member name="M:System.Web.WebPages.WebPageExecutingBase.#ctor"></member>
    <member name="P:System.Web.WebPages.WebPageExecutingBase.App">
      <summary>Gets the application state data cast as a <see cref="T:System.Dynamic.DynamicObject" /> object that callers can use to create and access custom application-scoped properties.</summary>
      <returns>An object that references the application state data.</returns>
    </member>
    <member name="P:System.Web.WebPages.WebPageExecutingBase.AppState">
      <summary>Gets a reference to global application state data that can be shared across sessions and requests in an ASP.NET application.</summary>
      <returns>The application state data.</returns>
    </member>
    <member name="P:System.Web.WebPages.WebPageExecutingBase.Context">
      <summary>When overridden in a derived class, gets or sets the <see cref="T:System.Web.HttpContextBase" /> object that is associated with a page.</summary>
      <returns>The current context data.</returns>
    </member>
    <member name="M:System.Web.WebPages.WebPageExecutingBase.Execute"></member>
    <member name="M:System.Web.WebPages.WebPageExecutingBase.NormalizePath(System.String)"></member>
    <member name="P:System.Web.WebPages.WebPageExecutingBase.VirtualPath"></member>
    <member name="M:System.Web.WebPages.WebPageExecutingBase.Write(System.Object)"></member>
    <member name="M:System.Web.WebPages.WebPageExecutingBase.Write(System.Web.WebPages.HelperResult)"></member>
    <member name="M:System.Web.WebPages.WebPageExecutingBase.WriteLiteral(System.Object)"></member>
    <member name="M:System.Web.WebPages.WebPageExecutingBase.WriteLiteralTo(System.IO.TextWriter,System.Object)"></member>
    <member name="M:System.Web.WebPages.WebPageExecutingBase.WriteTo(System.IO.TextWriter,System.Object)"></member>
    <member name="M:System.Web.WebPages.WebPageExecutingBase.WriteTo(System.IO.TextWriter,System.Web.WebPages.HelperResult)"></member>
    <member name="T:System.Web.WebPages.WebPageHttpHandler"></member>
    <member name="M:System.Web.WebPages.WebPageHttpHandler.#ctor(System.Web.WebPages.WebPage)"></member>
    <member name="M:System.Web.WebPages.WebPageHttpHandler.CreateFromVirtualPath(System.String)"></member>
    <member name="P:System.Web.WebPages.WebPageHttpHandler.DisableWebPagesResponseHeader"></member>
    <member name="M:System.Web.WebPages.WebPageHttpHandler.GetRegisteredExtensions"></member>
    <member name="P:System.Web.WebPages.WebPageHttpHandler.IsReusable"></member>
    <member name="M:System.Web.WebPages.WebPageHttpHandler.ProcessRequest(System.Web.HttpContext)"></member>
    <member name="M:System.Web.WebPages.WebPageHttpHandler.RegisterExtension(System.String)"></member>
    <member name="F:System.Web.WebPages.WebPageHttpHandler.WebPagesVersionHeaderName"></member>
    <member name="T:System.Web.WebPages.WebPageRenderingBase">
      <summary>Provides methods and properties that are used to render pages that use the Razor view engine.</summary>
    </member>
    <member name="M:System.Web.WebPages.WebPageRenderingBase.#ctor">
      <summary>Initializes a new instance of the <see cref="T:System.WebPages.WebPageRenderingBase" /> class.</summary>
    </member>
    <member name="P:System.Web.WebPages.WebPageRenderingBase.Cache">
      <summary>When overridden in a derived class, gets the cache object for the current application domain.</summary>
      <returns>The cache object.</returns>
    </member>
    <member name="P:System.Web.WebPages.WebPageRenderingBase.Culture">
      <summary>Gets or sets the culture for the current thread.</summary>
      <returns>The culture for the current thread.</returns>
    </member>
    <member name="M:System.Web.WebPages.WebPageRenderingBase.ExecutePageHierarchy">
      <summary>When overridden in a derived class, calls the methods that are used to initialize the page.</summary>
    </member>
    <member name="M:System.Web.WebPages.WebPageRenderingBase.Href(System.String,System.Object[])">
      <summary>When overridden in a derived class, builds a URL using the specified parameters.</summary>
      <returns>A URL.</returns>
      <param name="path">The path to include in the URL.</param>
      <param name="pathParts">Additional path information.</param>
    </member>
    <member name="P:System.Web.WebPages.WebPageRenderingBase.IsAjax">
      <summary>When overridden in a derived class, get a value that indicates whether Ajax is being used during the request of the Web page.</summary>
      <returns>true if Ajax is being used during the request; otherwise, false.</returns>
    </member>
    <member name="P:System.Web.WebPages.WebPageRenderingBase.IsPost">
      <summary>When overridden in a derived class, returns a value that indicates whether the HTTP data transfer method used by the client to request the Web page is POST.</summary>
      <returns>true if the HTTP verb is "POST"; otherwise, false.</returns>
    </member>
    <member name="P:System.Web.WebPages.WebPageRenderingBase.Layout">
      <summary>When overridden in a derived class, gets or sets the path of a layout page.</summary>
      <returns>The path of a layout page.</returns>
    </member>
    <member name="P:System.Web.WebPages.WebPageRenderingBase.Page">
      <summary>When overridden in a derived class, provides property-like access to page data that is shared between pages, layout pages, and partial pages.</summary>
      <returns>An object that contains page data.</returns>
    </member>
    <member name="P:System.Web.WebPages.WebPageRenderingBase.PageContext">
      <summary>Gets the HTTP context for the Web page.</summary>
      <returns>The HTTP context for the Web page.</returns>
    </member>
    <member name="P:System.Web.WebPages.WebPageRenderingBase.PageData">
      <summary>When overridden in a derived class, provides array-like access to page data that is shared between pages, layout pages, and partial pages.</summary>
      <returns>An object that provides array-like access to page data.</returns>
    </member>
    <member name="M:System.Web.WebPages.WebPageRenderingBase.RenderPage(System.String,System.Object[])">
      <summary>When overridden in a derived class, renders a Web page.</summary>
      <returns>The markup that represents the Web page.</returns>
      <param name="path">The path of the page to render.</param>
      <param name="data">Additional data that is used to render the page.</param>
    </member>
    <member name="P:System.Web.WebPages.WebPageRenderingBase.Request">
      <summary>When overridden in a derived class, gets the <see cref="T:System.Web.HttpRequest" /> object for the current HTTP request.</summary>
      <returns>A <see cref="T:System.Web.HttpRequest" /> object that contains the HTTP values sent by a client during a Web request.</returns>
    </member>
    <member name="P:System.Web.WebPages.WebPageRenderingBase.Response">
      <summary>When overridden in a derived class, gets the <see cref="T:System.Web.HttpResponse" /> object for the current HTTP response.</summary>
      <returns>A <see cref="T:System.Web.HttpResponse" /> object that contains the HTTP-response information from an ASP.NET operation.</returns>
    </member>
    <member name="P:System.Web.WebPages.WebPageRenderingBase.Server">
      <summary>When overridden in a derived class, gets the <see cref="T:System.Web.HttpServerUtility" /> object that provides methods that can be used as part of Web-page processing.</summary>
      <returns>The <see cref="T:System.Web.HttpServerUtility" /> object.</returns>
    </member>
    <member name="P:System.Web.WebPages.WebPageRenderingBase.Session">
      <summary>When overridden in a derived class, gets the <see cref="T:System.Web.HttpSessionState" /> object for the current HTTP request.</summary>
      <returns>Session data for the current request.</returns>
    </member>
    <member name="P:System.Web.WebPages.WebPageRenderingBase.TemplateInfo">
      <summary>When overridden in a derived class, gets information about the currently executing file.</summary>
      <returns>Information about the currently executing file.</returns>
    </member>
    <member name="P:System.Web.WebPages.WebPageRenderingBase.UICulture">
      <summary>Gets or sets the current culture used by the ResourceManager to look up culture-specific resources at run time.</summary>
      <returns>The current culture used by the Resource Manager.</returns>
    </member>
    <member name="P:System.Web.WebPages.WebPageRenderingBase.UrlData">
      <summary>When overridden in a derived class, gets data related to the URL path.</summary>
      <returns>Data related to the URL path.</returns>
    </member>
    <member name="P:System.Web.WebPages.WebPageRenderingBase.User">
      <summary>When overridden in a derived class, gets a user value based on the HTTP context.</summary>
      <returns>A user value based on the HTTP context.</returns>
    </member>
    <member name="T:System.Web.WebPages.Html.HtmlHelper">
      <summary>Represents support for rendering HTML controls in a Web page.</summary>
    </member>
    <member name="M:System.Web.WebPages.Html.HtmlHelper.AttributeEncode(System.Object)">
      <returns>Returns <see cref="T:System.String" />.</returns>
    </member>
    <member name="M:System.Web.WebPages.Html.HtmlHelper.AttributeEncode(System.String)">
      <returns>Returns <see cref="T:System.String" />.</returns>
    </member>
    <member name="M:System.Web.WebPages.Html.HtmlHelper.CheckBox(System.String)">
      <returns>Returns <see cref="T:System.Web.IHtmlString" />.</returns>
    </member>
    <member name="M:System.Web.WebPages.Html.HtmlHelper.CheckBox(System.String,System.Boolean)">
      <returns>Returns <see cref="T:System.Web.IHtmlString" />.</returns>
    </member>
    <member name="M:System.Web.WebPages.Html.HtmlHelper.CheckBox(System.String,System.Boolean,System.Collections.Generic.IDictionary{System.String,System.Object})">
      <returns>Returns <see cref="T:System.Web.IHtmlString" />.</returns>
    </member>
    <member name="M:System.Web.WebPages.Html.HtmlHelper.CheckBox(System.String,System.Boolean,System.Object)">
      <returns>Returns <see cref="T:System.Web.IHtmlString" />.</returns>
    </member>
    <member name="M:System.Web.WebPages.Html.HtmlHelper.CheckBox(System.String,System.Collections.Generic.IDictionary{System.String,System.Object})">
      <returns>Returns <see cref="T:System.Web.IHtmlString" />.</returns>
    </member>
    <member name="M:System.Web.WebPages.Html.HtmlHelper.CheckBox(System.String,System.Object)">
      <returns>Returns <see cref="T:System.Web.IHtmlString" />.</returns>
    </member>
    <member name="M:System.Web.WebPages.Html.HtmlHelper.DropDownList(System.String,System.Collections.Generic.IEnumerable{System.Web.WebPages.Html.SelectListItem})">
      <returns>Returns <see cref="T:System.Web.IHtmlString" />.</returns>
    </member>
    <member name="M:System.Web.WebPages.Html.HtmlHelper.DropDownList(System.String,System.Collections.Generic.IEnumerable{System.Web.WebPages.Html.SelectListItem},System.Collections.Generic.IDictionary{System.String,System.Object})">
      <returns>Returns <see cref="T:System.Web.IHtmlString" />.</returns>
    </member>
    <member name="M:System.Web.WebPages.Html.HtmlHelper.DropDownList(System.String,System.Collections.Generic.IEnumerable{System.Web.WebPages.Html.SelectListItem},System.Object)">
      <returns>Returns <see cref="T:System.Web.IHtmlString" />.</returns>
    </member>
    <member name="M:System.Web.WebPages.Html.HtmlHelper.DropDownList(System.String,System.String,System.Collections.Generic.IEnumerable{System.Web.WebPages.Html.SelectListItem})">
      <returns>Returns <see cref="T:System.Web.IHtmlString" />.</returns>
    </member>
    <member name="M:System.Web.WebPages.Html.HtmlHelper.DropDownList(System.String,System.String,System.Collections.Generic.IEnumerable{System.Web.WebPages.Html.SelectListItem},System.Collections.Generic.IDictionary{System.String,System.Object})">
      <returns>Returns <see cref="T:System.Web.IHtmlString" />.</returns>
    </member>
    <member name="M:System.Web.WebPages.Html.HtmlHelper.DropDownList(System.String,System.String,System.Collections.Generic.IEnumerable{System.Web.WebPages.Html.SelectListItem},System.Object)">
      <returns>Returns <see cref="T:System.Web.IHtmlString" />.</returns>
    </member>
    <member name="M:System.Web.WebPages.Html.HtmlHelper.DropDownList(System.String,System.String,System.Collections.Generic.IEnumerable{System.Web.WebPages.Html.SelectListItem},System.Object,System.Collections.Generic.IDictionary{System.String,System.Object})">
      <returns>Returns <see cref="T:System.Web.IHtmlString" />.</returns>
    </member>
    <member name="M:System.Web.WebPages.Html.HtmlHelper.DropDownList(System.String,System.String,System.Collections.Generic.IEnumerable{System.Web.WebPages.Html.SelectListItem},System.Object,System.Object)">
      <returns>Returns <see cref="T:System.Web.IHtmlString" />.</returns>
    </member>
    <member name="M:System.Web.WebPages.Html.HtmlHelper.Encode(System.Object)">
      <returns>Returns <see cref="T:System.String" />.</returns>
    </member>
    <member name="M:System.Web.WebPages.Html.HtmlHelper.Encode(System.String)">
      <returns>Returns <see cref="T:System.String" />.</returns>
    </member>
    <member name="M:System.Web.WebPages.Html.HtmlHelper.Hidden(System.String)">
      <returns>Returns <see cref="T:System.Web.IHtmlString" />.</returns>
    </member>
    <member name="M:System.Web.WebPages.Html.HtmlHelper.Hidden(System.String,System.Object)">
      <returns>Returns <see cref="T:System.Web.IHtmlString" />.</returns>
    </member>
    <member name="M:System.Web.WebPages.Html.HtmlHelper.Hidden(System.String,System.Object,System.Collections.Generic.IDictionary{System.String,System.Object})">
      <returns>Returns <see cref="T:System.Web.IHtmlString" />.</returns>
    </member>
    <member name="M:System.Web.WebPages.Html.HtmlHelper.Hidden(System.String,System.Object,System.Object)">
      <returns>Returns <see cref="T:System.Web.IHtmlString" />.</returns>
    </member>
    <member name="P:System.Web.WebPages.Html.HtmlHelper.IdAttributeDotReplacement">
      <returns>Returns <see cref="T:System.String" />.</returns>
    </member>
    <member name="M:System.Web.WebPages.Html.HtmlHelper.Label(System.String)">
      <returns>Returns <see cref="T:System.Web.IHtmlString" />.</returns>
    </member>
    <member name="M:System.Web.WebPages.Html.HtmlHelper.Label(System.String,System.Object)">
      <returns>Returns <see cref="T:System.Web.IHtmlString" />.</returns>
    </member>
    <member name="M:System.Web.WebPages.Html.HtmlHelper.Label(System.String,System.String)">
      <returns>Returns <see cref="T:System.Web.IHtmlString" />.</returns>
    </member>
    <member name="M:System.Web.WebPages.Html.HtmlHelper.Label(System.String,System.String,System.Collections.Generic.IDictionary{System.String,System.Object})">
      <returns>Returns <see cref="T:System.Web.IHtmlString" />.</returns>
    </member>
    <member name="M:System.Web.WebPages.Html.HtmlHelper.Label(System.String,System.String,System.Object)">
      <returns>Returns <see cref="T:System.Web.IHtmlString" />.</returns>
    </member>
    <member name="M:System.Web.WebPages.Html.HtmlHelper.ListBox(System.String,System.Collections.Generic.IEnumerable{System.Web.WebPages.Html.SelectListItem})">
      <returns>Returns <see cref="T:System.Web.IHtmlString" />.</returns>
    </member>
    <member name="M:System.Web.WebPages.Html.HtmlHelper.ListBox(System.String,System.Collections.Generic.IEnumerable{System.Web.WebPages.Html.SelectListItem},System.Collections.Generic.IDictionary{System.String,System.Object})">
      <returns>Returns <see cref="T:System.Web.IHtmlString" />.</returns>
    </member>
    <member name="M:System.Web.WebPages.Html.HtmlHelper.ListBox(System.String,System.Collections.Generic.IEnumerable{System.Web.WebPages.Html.SelectListItem},System.Object)">
      <returns>Returns <see cref="T:System.Web.IHtmlString" />.</returns>
    </member>
    <member name="M:System.Web.WebPages.Html.HtmlHelper.ListBox(System.String,System.Collections.Generic.IEnumerable{System.Web.WebPages.Html.SelectListItem},System.Object,System.Int32,System.Boolean)">
      <returns>Returns <see cref="T:System.Web.IHtmlString" />.</returns>
    </member>
    <member name="M:System.Web.WebPages.Html.HtmlHelper.ListBox(System.String,System.String,System.Collections.Generic.IEnumerable{System.Web.WebPages.Html.SelectListItem})">
      <returns>Returns <see cref="T:System.Web.IHtmlString" />.</returns>
    </member>
    <member name="M:System.Web.WebPages.Html.HtmlHelper.ListBox(System.String,System.String,System.Collections.Generic.IEnumerable{System.Web.WebPages.Html.SelectListItem},System.Collections.Generic.IDictionary{System.String,System.Object})">
      <returns>Returns <see cref="T:System.Web.IHtmlString" />.</returns>
    </member>
    <member name="M:System.Web.WebPages.Html.HtmlHelper.ListBox(System.String,System.String,System.Collections.Generic.IEnumerable{System.Web.WebPages.Html.SelectListItem},System.Object)">
      <returns>Returns <see cref="T:System.Web.IHtmlString" />.</returns>
    </member>
    <member name="M:System.Web.WebPages.Html.HtmlHelper.ListBox(System.String,System.String,System.Collections.Generic.IEnumerable{System.Web.WebPages.Html.SelectListItem},System.Object,System.Collections.Generic.IDictionary{System.String,System.Object})">
      <returns>Returns <see cref="T:System.Web.IHtmlString" />.</returns>
    </member>
    <member name="M:System.Web.WebPages.Html.HtmlHelper.ListBox(System.String,System.String,System.Collections.Generic.IEnumerable{System.Web.WebPages.Html.SelectListItem},System.Object,System.Int32,System.Boolean)">
      <returns>Returns <see cref="T:System.Web.IHtmlString" />.</returns>
    </member>
    <member name="M:System.Web.WebPages.Html.HtmlHelper.ListBox(System.String,System.String,System.Collections.Generic.IEnumerable{System.Web.WebPages.Html.SelectListItem},System.Object,System.Int32,System.Boolean,System.Collections.Generic.IDictionary{System.String,System.Object})">
      <returns>Returns <see cref="T:System.Web.IHtmlString" />.</returns>
    </member>
    <member name="M:System.Web.WebPages.Html.HtmlHelper.ListBox(System.String,System.String,System.Collections.Generic.IEnumerable{System.Web.WebPages.Html.SelectListItem},System.Object,System.Int32,System.Boolean,System.Object)">
      <returns>Returns <see cref="T:System.Web.IHtmlString" />.</returns>
    </member>
    <member name="M:System.Web.WebPages.Html.HtmlHelper.ListBox(System.String,System.String,System.Collections.Generic.IEnumerable{System.Web.WebPages.Html.SelectListItem},System.Object,System.Object)">
      <returns>Returns <see cref="T:System.Web.IHtmlString" />.</returns>
    </member>
    <member name="M:System.Web.WebPages.Html.HtmlHelper.Password(System.String)">
      <returns>Returns <see cref="T:System.Web.IHtmlString" />.</returns>
    </member>
    <member name="M:System.Web.WebPages.Html.HtmlHelper.Password(System.String,System.Object)">
      <returns>Returns <see cref="T:System.Web.IHtmlString" />.</returns>
    </member>
    <member name="M:System.Web.WebPages.Html.HtmlHelper.Password(System.String,System.Object,System.Collections.Generic.IDictionary{System.String,System.Object})">
      <returns>Returns <see cref="T:System.Web.IHtmlString" />.</returns>
    </member>
    <member name="M:System.Web.WebPages.Html.HtmlHelper.Password(System.String,System.Object,System.Object)">
      <returns>Returns <see cref="T:System.Web.IHtmlString" />.</returns>
    </member>
    <member name="M:System.Web.WebPages.Html.HtmlHelper.RadioButton(System.String,System.Object)">
      <returns>Returns <see cref="T:System.Web.IHtmlString" />.</returns>
    </member>
    <member name="M:System.Web.WebPages.Html.HtmlHelper.RadioButton(System.String,System.Object,System.Boolean)">
      <returns>Returns <see cref="T:System.Web.IHtmlString" />.</returns>
    </member>
    <member name="M:System.Web.WebPages.Html.HtmlHelper.RadioButton(System.String,System.Object,System.Boolean,System.Collections.Generic.IDictionary{System.String,System.Object})">
      <returns>Returns <see cref="T:System.Web.IHtmlString" />.</returns>
    </member>
    <member name="M:System.Web.WebPages.Html.HtmlHelper.RadioButton(System.String,System.Object,System.Boolean,System.Object)">
      <returns>Returns <see cref="T:System.Web.IHtmlString" />.</returns>
    </member>
    <member name="M:System.Web.WebPages.Html.HtmlHelper.RadioButton(System.String,System.Object,System.Collections.Generic.IDictionary{System.String,System.Object})">
      <returns>Returns <see cref="T:System.Web.IHtmlString" />.</returns>
    </member>
    <member name="M:System.Web.WebPages.Html.HtmlHelper.RadioButton(System.String,System.Object,System.Object)">
      <returns>Returns <see cref="T:System.Web.IHtmlString" />.</returns>
    </member>
    <member name="M:System.Web.WebPages.Html.HtmlHelper.Raw(System.String)">
      <returns>Returns <see cref="T:System.Web.IHtmlString" />.</returns>
    </member>
    <member name="M:System.Web.WebPages.Html.HtmlHelper.TextArea(System.String)">
      <returns>Returns <see cref="T:System.Web.IHtmlString" />.</returns>
    </member>
    <member name="M:System.Web.WebPages.Html.HtmlHelper.TextArea(System.String,System.Collections.Generic.IDictionary{System.String,System.Object})">
      <returns>Returns <see cref="T:System.Web.IHtmlString" />.</returns>
    </member>
    <member name="M:System.Web.WebPages.Html.HtmlHelper.TextArea(System.String,System.Object)">
      <returns>Returns <see cref="T:System.Web.IHtmlString" />.</returns>
    </member>
    <member name="M:System.Web.WebPages.Html.HtmlHelper.TextArea(System.String,System.String)">
      <returns>Returns <see cref="T:System.Web.IHtmlString" />.</returns>
    </member>
    <member name="M:System.Web.WebPages.Html.HtmlHelper.TextArea(System.String,System.String,System.Collections.Generic.IDictionary{System.String,System.Object})">
      <returns>Returns <see cref="T:System.Web.IHtmlString" />.</returns>
    </member>
    <member name="M:System.Web.WebPages.Html.HtmlHelper.TextArea(System.String,System.String,System.Int32,System.Int32,System.Collections.Generic.IDictionary{System.String,System.Object})">
      <returns>Returns <see cref="T:System.Web.IHtmlString" />.</returns>
    </member>
    <member name="M:System.Web.WebPages.Html.HtmlHelper.TextArea(System.String,System.String,System.Int32,System.Int32,System.Object)">
      <returns>Returns <see cref="T:System.Web.IHtmlString" />.</returns>
    </member>
    <member name="M:System.Web.WebPages.Html.HtmlHelper.TextArea(System.String,System.String,System.Object)">
      <returns>Returns <see cref="T:System.Web.IHtmlString" />.</returns>
    </member>
    <member name="M:System.Web.WebPages.Html.HtmlHelper.TextBox(System.String)">
      <returns>Returns <see cref="T:System.Web.IHtmlString" />.</returns>
    </member>
    <member name="M:System.Web.WebPages.Html.HtmlHelper.TextBox(System.String,System.Object)">
      <returns>Returns <see cref="T:System.Web.IHtmlString" />.</returns>
    </member>
    <member name="M:System.Web.WebPages.Html.HtmlHelper.TextBox(System.String,System.Object,System.Collections.Generic.IDictionary{System.String,System.Object})">
      <returns>Returns <see cref="T:System.Web.IHtmlString" />.</returns>
    </member>
    <member name="M:System.Web.WebPages.Html.HtmlHelper.TextBox(System.String,System.Object,System.Object)">
      <returns>Returns <see cref="T:System.Web.IHtmlString" />.</returns>
    </member>
    <member name="P:System.Web.WebPages.Html.HtmlHelper.ValidationInputCssClassName">
      <returns>Returns <see cref="T:System.String" />.</returns>
    </member>
    <member name="M:System.Web.WebPages.Html.HtmlHelper.ValidationMessage(System.String)">
      <returns>Returns <see cref="T:System.Web.IHtmlString" />.</returns>
    </member>
    <member name="M:System.Web.WebPages.Html.HtmlHelper.ValidationMessage(System.String,System.Collections.Generic.IDictionary{System.String,System.Object})">
      <returns>Returns <see cref="T:System.Web.IHtmlString" />.</returns>
    </member>
    <member name="M:System.Web.WebPages.Html.HtmlHelper.ValidationMessage(System.String,System.Object)">
      <returns>Returns <see cref="T:System.Web.IHtmlString" />.</returns>
    </member>
    <member name="M:System.Web.WebPages.Html.HtmlHelper.ValidationMessage(System.String,System.String)">
      <returns>Returns <see cref="T:System.Web.IHtmlString" />.</returns>
    </member>
    <member name="M:System.Web.WebPages.Html.HtmlHelper.ValidationMessage(System.String,System.String,System.Collections.Generic.IDictionary{System.String,System.Object})">
      <returns>Returns <see cref="T:System.Web.IHtmlString" />.</returns>
    </member>
    <member name="M:System.Web.WebPages.Html.HtmlHelper.ValidationMessage(System.String,System.String,System.Object)">
      <returns>Returns <see cref="T:System.Web.IHtmlString" />.</returns>
    </member>
    <member name="M:System.Web.WebPages.Html.HtmlHelper.ValidationSummary">
      <returns>Returns <see cref="T:System.Web.IHtmlString" />.</returns>
    </member>
    <member name="M:System.Web.WebPages.Html.HtmlHelper.ValidationSummary(System.Boolean)">
      <returns>Returns <see cref="T:System.Web.IHtmlString" />.</returns>
    </member>
    <member name="M:System.Web.WebPages.Html.HtmlHelper.ValidationSummary(System.Collections.Generic.IDictionary{System.String,System.Object})">
      <returns>Returns <see cref="T:System.Web.IHtmlString" />.</returns>
    </member>
    <member name="M:System.Web.WebPages.Html.HtmlHelper.ValidationSummary(System.Object)">
      <returns>Returns <see cref="T:System.Web.IHtmlString" />.</returns>
    </member>
    <member name="M:System.Web.WebPages.Html.HtmlHelper.ValidationSummary(System.String)">
      <returns>Returns <see cref="T:System.Web.IHtmlString" />.</returns>
    </member>
    <member name="M:System.Web.WebPages.Html.HtmlHelper.ValidationSummary(System.String,System.Boolean,System.Collections.Generic.IDictionary{System.String,System.Object})">
      <returns>Returns <see cref="T:System.Web.IHtmlString" />.</returns>
    </member>
    <member name="M:System.Web.WebPages.Html.HtmlHelper.ValidationSummary(System.String,System.Boolean,System.Object)">
      <returns>Returns <see cref="T:System.Web.IHtmlString" />.</returns>
    </member>
    <member name="M:System.Web.WebPages.Html.HtmlHelper.ValidationSummary(System.String,System.Collections.Generic.IDictionary{System.String,System.Object})">
      <returns>Returns <see cref="T:System.Web.IHtmlString" />.</returns>
    </member>
    <member name="M:System.Web.WebPages.Html.HtmlHelper.ValidationSummary(System.String,System.Object)">
      <returns>Returns <see cref="T:System.Web.IHtmlString" />.</returns>
    </member>
    <member name="P:System.Web.WebPages.Html.HtmlHelper.ValidationSummaryClass">
      <returns>Returns <see cref="T:System.String" />.</returns>
    </member>
    <member name="T:System.Web.WebPages.Html.ModelState"></member>
    <member name="M:System.Web.WebPages.Html.ModelState.#ctor"></member>
    <member name="P:System.Web.WebPages.Html.ModelState.Errors"></member>
    <member name="P:System.Web.WebPages.Html.ModelState.Value"></member>
    <member name="T:System.Web.WebPages.Html.ModelStateDictionary"></member>
    <member name="M:System.Web.WebPages.Html.ModelStateDictionary.#ctor"></member>
    <member name="M:System.Web.WebPages.Html.ModelStateDictionary.#ctor(System.Web.WebPages.Html.ModelStateDictionary)"></member>
    <member name="M:System.Web.WebPages.Html.ModelStateDictionary.Add(System.Collections.Generic.KeyValuePair{System.String,System.Web.WebPages.Html.ModelState})"></member>
    <member name="M:System.Web.WebPages.Html.ModelStateDictionary.Add(System.String,System.Web.WebPages.Html.ModelState)"></member>
    <member name="M:System.Web.WebPages.Html.ModelStateDictionary.AddError(System.String,System.String)"></member>
    <member name="M:System.Web.WebPages.Html.ModelStateDictionary.AddFormError(System.String)"></member>
    <member name="M:System.Web.WebPages.Html.ModelStateDictionary.Clear"></member>
    <member name="M:System.Web.WebPages.Html.ModelStateDictionary.Contains(System.Collections.Generic.KeyValuePair{System.String,System.Web.WebPages.Html.ModelState})"></member>
    <member name="M:System.Web.WebPages.Html.ModelStateDictionary.ContainsKey(System.String)"></member>
    <member name="M:System.Web.WebPages.Html.ModelStateDictionary.CopyTo(System.Collections.Generic.KeyValuePair{System.String,System.Web.WebPages.Html.ModelState}[],System.Int32)"></member>
    <member name="P:System.Web.WebPages.Html.ModelStateDictionary.Count"></member>
    <member name="M:System.Web.WebPages.Html.ModelStateDictionary.GetEnumerator"></member>
    <member name="P:System.Web.WebPages.Html.ModelStateDictionary.IsReadOnly"></member>
    <member name="P:System.Web.WebPages.Html.ModelStateDictionary.IsValid"></member>
    <member name="M:System.Web.WebPages.Html.ModelStateDictionary.IsValidField(System.String)"></member>
    <member name="P:System.Web.WebPages.Html.ModelStateDictionary.Item(System.String)"></member>
    <member name="P:System.Web.WebPages.Html.ModelStateDictionary.Keys"></member>
    <member name="M:System.Web.WebPages.Html.ModelStateDictionary.Merge(System.Web.WebPages.Html.ModelStateDictionary)"></member>
    <member name="M:System.Web.WebPages.Html.ModelStateDictionary.Remove(System.Collections.Generic.KeyValuePair{System.String,System.Web.WebPages.Html.ModelState})"></member>
    <member name="M:System.Web.WebPages.Html.ModelStateDictionary.Remove(System.String)"></member>
    <member name="M:System.Web.WebPages.Html.ModelStateDictionary.SetModelValue(System.String,System.Object)"></member>
    <member name="M:System.Web.WebPages.Html.ModelStateDictionary.System#Collections#IEnumerable#GetEnumerator"></member>
    <member name="M:System.Web.WebPages.Html.ModelStateDictionary.TryGetValue(System.String,System.Web.WebPages.Html.ModelState@)"></member>
    <member name="P:System.Web.WebPages.Html.ModelStateDictionary.Values"></member>
    <member name="T:System.Web.WebPages.Html.SelectListItem"></member>
    <member name="M:System.Web.WebPages.Html.SelectListItem.#ctor"></member>
    <member name="M:System.Web.WebPages.Html.SelectListItem.#ctor(System.Web.WebPages.Html.SelectListItem)"></member>
    <member name="P:System.Web.WebPages.Html.SelectListItem.Selected"></member>
    <member name="P:System.Web.WebPages.Html.SelectListItem.Text"></member>
    <member name="P:System.Web.WebPages.Html.SelectListItem.Value"></member>
    <member name="T:System.Web.WebPages.Scope.AspNetRequestScopeStorageProvider"></member>
    <member name="M:System.Web.WebPages.Scope.AspNetRequestScopeStorageProvider.#ctor"></member>
    <member name="P:System.Web.WebPages.Scope.AspNetRequestScopeStorageProvider.ApplicationScope"></member>
    <member name="P:System.Web.WebPages.Scope.AspNetRequestScopeStorageProvider.CurrentScope"></member>
    <member name="P:System.Web.WebPages.Scope.AspNetRequestScopeStorageProvider.GlobalScope"></member>
    <member name="P:System.Web.WebPages.Scope.AspNetRequestScopeStorageProvider.RequestScope"></member>
    <member name="T:System.Web.WebPages.Scope.IScopeStorageProvider"></member>
    <member name="P:System.Web.WebPages.Scope.IScopeStorageProvider.CurrentScope"></member>
    <member name="P:System.Web.WebPages.Scope.IScopeStorageProvider.GlobalScope"></member>
    <member name="T:System.Web.WebPages.Scope.ScopeStorage"></member>
    <member name="M:System.Web.WebPages.Scope.ScopeStorage.CreateTransientScope"></member>
    <member name="M:System.Web.WebPages.Scope.ScopeStorage.CreateTransientScope(System.Collections.Generic.IDictionary{System.Object,System.Object})"></member>
    <member name="P:System.Web.WebPages.Scope.ScopeStorage.CurrentProvider"></member>
    <member name="P:System.Web.WebPages.Scope.ScopeStorage.CurrentScope"></member>
    <member name="P:System.Web.WebPages.Scope.ScopeStorage.GlobalScope"></member>
    <member name="T:System.Web.WebPages.Scope.ScopeStorageDictionary"></member>
    <member name="M:System.Web.WebPages.Scope.ScopeStorageDictionary.#ctor"></member>
    <member name="M:System.Web.WebPages.Scope.ScopeStorageDictionary.#ctor(System.Collections.Generic.IDictionary{System.Object,System.Object})"></member>
    <member name="M:System.Web.WebPages.Scope.ScopeStorageDictionary.Add(System.Collections.Generic.KeyValuePair{System.Object,System.Object})"></member>
    <member name="M:System.Web.WebPages.Scope.ScopeStorageDictionary.Add(System.Object,System.Object)"></member>
    <member name="P:System.Web.WebPages.Scope.ScopeStorageDictionary.BackingStore"></member>
    <member name="P:System.Web.WebPages.Scope.ScopeStorageDictionary.BaseScope"></member>
    <member name="M:System.Web.WebPages.Scope.ScopeStorageDictionary.Clear"></member>
    <member name="M:System.Web.WebPages.Scope.ScopeStorageDictionary.Contains(System.Collections.Generic.KeyValuePair{System.Object,System.Object})"></member>
    <member name="M:System.Web.WebPages.Scope.ScopeStorageDictionary.ContainsKey(System.Object)"></member>
    <member name="M:System.Web.WebPages.Scope.ScopeStorageDictionary.CopyTo(System.Collections.Generic.KeyValuePair{System.Object,System.Object}[],System.Int32)"></member>
    <member name="P:System.Web.WebPages.Scope.ScopeStorageDictionary.Count"></member>
    <member name="M:System.Web.WebPages.Scope.ScopeStorageDictionary.GetEnumerator"></member>
    <member name="M:System.Web.WebPages.Scope.ScopeStorageDictionary.GetItems"></member>
    <member name="P:System.Web.WebPages.Scope.ScopeStorageDictionary.IsReadOnly"></member>
    <member name="P:System.Web.WebPages.Scope.ScopeStorageDictionary.Item(System.Object)"></member>
    <member name="P:System.Web.WebPages.Scope.ScopeStorageDictionary.Keys"></member>
    <member name="M:System.Web.WebPages.Scope.ScopeStorageDictionary.Remove(System.Collections.Generic.KeyValuePair{System.Object,System.Object})"></member>
    <member name="M:System.Web.WebPages.Scope.ScopeStorageDictionary.Remove(System.Object)"></member>
    <member name="M:System.Web.WebPages.Scope.ScopeStorageDictionary.SetValue(System.Object,System.Object)"></member>
    <member name="M:System.Web.WebPages.Scope.ScopeStorageDictionary.System#Collections#IEnumerable#GetEnumerator"></member>
    <member name="M:System.Web.WebPages.Scope.ScopeStorageDictionary.TryGetValue(System.Object,System.Object@)"></member>
    <member name="P:System.Web.WebPages.Scope.ScopeStorageDictionary.Values"></member>
    <member name="T:System.Web.WebPages.Scope.StaticScopeStorageProvider"></member>
    <member name="M:System.Web.WebPages.Scope.StaticScopeStorageProvider.#ctor"></member>
    <member name="P:System.Web.WebPages.Scope.StaticScopeStorageProvider.CurrentScope"></member>
    <member name="P:System.Web.WebPages.Scope.StaticScopeStorageProvider.GlobalScope"></member>
  </members>
</doc>